8560,ipv4,80.249.208.220
8560,ipv6,2001:7f8:1::a500:8560:1
47447,ipv4,80.249.213.56
47447,ipv6,2001:7f8:1::a504:7447:1
197219,ipv4,80.249.208.143
197219,ipv6,2001:7f8:1:0:a500:19:7219:1
39351,ipv4,80.249.213.131
39351,ipv6,2001:7f8:1::a503:9351:1
199837,ipv4,80.249.212.26
199837,ipv6,2001:7f8:1:0:a500:19:9837:1
51555,ipv4,80.249.212.45
51555,ipv6,2001:7f8:1::a505:1555:1
51088,ipv4,80.249.208.209
51088,ipv6,2001:7f8:1::a505:1088:1
48345,ipv4,80.249.213.138
48345,ipv6,2001:7f8:1::a504:8345:3
395561,ipv4,80.249.213.130
395561,ipv6,2001:7f8:1:0:a500:39:5561:1
41798,ipv4,103.247.139.68
41798,ipv6,2001:df0:296::a504:1798:1
43142,ipv4,80.249.210.190
43142,ipv6,2001:7f8:1::a504:3142:1
15224,ipv4,80.249.208.61
15224,ipv4,80.249.211.60
30818,ipv4,80.249.211.108
30818,ipv6,2001:7f8:1::a503:818:1
51646,ipv4,80.249.210.122
51646,ipv6,2001:7f8:1::a505:1646:2
51646,ipv4,80.249.210.101
51646,ipv6,2001:7f8:1::a505:1646:1
12041,ipv4,80.249.208.190
12041,ipv6,2001:7f8:1::a501:2041:1
2484,ipv4,80.249.208.242
2484,ipv6,2001:7f8:1::a500:2484:1
19440,ipv4,193.105.101.136
19440,ipv4,193.105.101.137
50056,ipv4,80.249.211.33
50056,ipv6,2001:7f8:1::a505:56:1
29119,ipv4,80.249.211.91
29119,ipv6,2001:7f8:1::a502:9119:1
20940,ipv4,103.247.139.17
20940,ipv6,2001:df0:296::a502:940:1
20940,ipv4,80.249.208.168
20940,ipv6,2001:7f8:1::a502:940:1
20940,ipv4,80.249.209.208
20940,ipv6,2001:7f8:1::a502:940:2
20940,ipv4,80.249.211.233
20940,ipv6,2001:7f8:1::a502:940:3
20940,ipv4,200.0.20.25
20940,ipv6,2001:13c7:6004::a502:940:1
20940,ipv4,206.41.106.16
20940,ipv6,2001:504:3d:1:0:a502:940:2
20940,ipv4,206.108.115.14
20940,ipv6,2001:504:38:1:0:a502:940:3
32787,ipv4,80.249.213.92
32787,ipv6,2001:7f8:1::a503:2787:1
198028,ipv4,80.249.210.61
51254,ipv4,80.249.213.6
51254,ipv6,2001:7f8:1::a505:1254:1
206264,ipv4,80.249.213.10
206264,ipv6,2001:7f8:1:0:a500:20:6264:1
34442,ipv4,80.249.211.110
34442,ipv6,2001:7f8:1::a503:4442:1
16509,ipv4,103.247.139.10
16509,ipv6,2001:df0:296::a501:6509:1
16509,ipv4,103.247.139.61
16509,ipv4,80.249.210.100
16509,ipv6,2001:7f8:1::a501:6509:1
16509,ipv4,80.249.210.217
16509,ipv6,2001:7f8:1::a501:6509:2
16509,ipv4,206.108.115.36
16509,ipv6,2001:504:38:1:0:a501:6509:1
8315,ipv4,80.249.210.90
8315,ipv6,2001:7f8:1::a500:8315:1
42473,ipv4,80.249.211.58
42473,ipv6,2001:7f8:1::a504:2473:1
42473,ipv4,80.249.213.102
42473,ipv6,2001:7f8:1::a504:2473:2
37468,ipv4,80.249.213.48
37468,ipv6,2001:7f8:1::a503:7468:1
5588,ipv4,80.249.209.185
5588,ipv6,2001:7f8:1::a500:5588:1
42841,ipv4,80.249.212.204
42841,ipv6,2001:7f8:1::a504:2841:1
34868,ipv4,80.249.210.139
34868,ipv6,2001:7f8:1::a503:4868:1
135391,ipv4,80.249.213.28
135391,ipv6,2001:7f8:1:0:a500:13:5391:1
714,ipv4,80.249.211.160
714,ipv6,2001:7f8:1::a500:714:1
714,ipv4,80.249.211.183
714,ipv6,2001:7f8:1::a500:714:2
29990,ipv4,80.249.210.216
29990,ipv6,2001:7f8:1::a502:9990:1
29990,ipv4,80.249.210.30
29990,ipv6,2001:7f8:1::a502:9990:2
60893,ipv4,80.249.210.227
60893,ipv6,2001:7f8:1::a506:893:1
33873,ipv4,80.249.208.178
33873,ipv6,2001:7f8:1::a503:3873:1
11179,ipv4,80.249.212.73
11179,ipv4,80.249.212.74
33891,ipv4,80.249.209.128
33891,ipv6,2001:7f8:1::a503:3891:1
28929,ipv4,80.249.211.252
28929,ipv6,2001:7f8:1::a502:8929:1
24167,ipv4,80.249.208.184
24167,ipv6,2001:7f8:1::a502:4167:1
62052,ipv4,80.249.212.182
8455,ipv4,80.249.211.217
8455,ipv6,2001:7f8:1::a500:8455:1
2686,ipv4,80.249.208.194
2686,ipv6,2001:7f8:1::a500:2686:1
2686,ipv4,80.249.208.37
2686,ipv6,2001:7f8:1::a500:2686:2
134390,ipv4,80.249.210.12
134390,ipv6,2001:7f8:1:0:a500:13:4390:1
2635,ipv4,80.249.211.212
2635,ipv6,2001:7f8:1::a500:2635:1
45430,ipv4,103.247.139.48
45430,ipv6,2001:df0:296::a504:5430:1
50812,ipv4,80.249.213.27
41405,ipv4,80.249.212.210
41405,ipv6,2001:7f8:1::a504:1405:1
42649,ipv4,80.249.213.94
42649,ipv6,2001:7f8:1::a504:2649:1
8473,ipv4,80.249.208.99
8473,ipv6,2001:7f8:1::a500:8473:1
25369,ipv4,80.249.212.219
25369,ipv6,2001:7f8:1::a502:5369:1
25148,ipv4,80.249.209.42
25148,ipv6,2001:7f8:1::a502:5148:1
31449,ipv4,80.249.210.71
31449,ipv6,2001:7f8:1::a503:1449:1
6774,ipv4,193.105.101.138
6774,ipv4,193.105.101.139
6774,ipv4,80.249.209.76
6774,ipv6,2001:7f8:1::a500:6774:2
6774,ipv4,103.247.138.195
6774,ipv4,80.249.213.124
6774,ipv4,103.247.139.56
6774,ipv4,206.126.240.29
6774,ipv6,2001:504:34:1:0:a500:6774:1
8368,ipv4,80.249.209.97
8368,ipv6,2001:7f8:1::a500:8368:1
2611,ipv4,80.249.208.43
2611,ipv6,2001:7f8:1::a500:2611:1
2611,ipv4,80.249.210.44
2611,ipv6,2001:7f8:1::a500:2611:2
58966,ipv4,223.31.200.8
8551,ipv4,80.249.209.46
8551,ipv6,2001:7f8:1::a500:8551:1
9498,ipv4,80.249.211.191
9498,ipv6,2001:7f8:1::a500:9498:1
60011,ipv4,80.249.213.136
60011,ipv6,2001:7f8:1::a506:11:1
12859,ipv4,80.249.208.200
12859,ipv6,2001:7f8:1::a501:2859:2
12859,ipv4,80.249.208.35
12859,ipv6,2001:7f8:1::a501:2859:1
17451,ipv4,80.249.210.131
17451,ipv6,2001:7f8:1::a501:7451:1
35156,ipv4,80.249.210.232
201290,ipv4,80.249.213.100
201290,ipv6,2001:7f8:1:0:a500:20:1290:1
39122,ipv4,80.249.211.186
39122,ipv6,2001:7f8:1::a503:9122:1
50304,ipv4,80.249.208.44
50304,ipv6,2001:7f8:1::a505:304:1
57976,ipv4,80.249.208.83
57976,ipv6,2001:7f8:1::a505:7976:1
56583,ipv4,80.249.210.174
20886,ipv4,80.249.210.203
20886,ipv6,2001:7f8:1::a502:886:1
33796,ipv4,80.249.211.130
33796,ipv6,2001:7f8:1::a503:3796:1
43996,ipv4,80.249.210.198
43996,ipv6,2001:7f8:1::a504:3996:1
202196,ipv4,80.249.213.8
202196,ipv6,2001:7f8:1:0:a500:20:2196:1
5410,ipv4,80.249.212.245
29141,ipv4,80.249.211.87
29141,ipv6,2001:7f8:1::a502:9141:1
60868,ipv4,80.249.212.111
60868,ipv6,2001:7f8:1::a506:868:1
5524,ipv4,80.249.209.104
5524,ipv6,2001:7f8:1::a500:5524:1
64525,ipv4,193.105.101.171
64525,ipv4,193.105.101.172
31216,ipv4,80.249.209.124
31216,ipv6,2001:7f8:1::a503:1216:1
5400,ipv4,80.249.208.108
5400,ipv6,2001:7f8:1::a500:5400:1
8866,ipv4,80.249.210.162
8866,ipv6,2001:7f8:1::a500:8866:1
44814,ipv4,80.249.209.32
44814,ipv6,2001:7f8:1::a504:4814:1
15693,ipv4,80.249.212.252
15693,ipv6,2001:7f8:1::a501:5693:1
35432,ipv4,80.249.210.178
35432,ipv6,2001:7f8:1::a503:5432:1
64515,ipv4,193.105.101.131
64515,ipv4,193.105.101.132
30081,ipv4,80.249.212.155
15435,ipv4,80.249.208.149
15435,ipv6,2001:7f8:1::a501:5435:1
15435,ipv4,80.249.209.173
15435,ipv6,2001:7f8:1::a501:5435:2
25596,ipv4,80.249.208.159
25596,ipv6,2001:7f8:1::a502:5596:1
25596,ipv4,80.249.209.169
25596,ipv6,2001:7f8:1::a502:5596:2
55819,ipv4,80.249.212.137
55195,ipv4,80.249.208.136
55195,ipv6,2001:7f8:1::a505:5195:1
63199,ipv4,80.249.212.218
63199,ipv6,2001:7f8:1::a506:3199:1
31220,ipv4,80.249.210.109
12732,ipv4,80.249.209.137
12732,ipv6,2001:7f8:1::a501:2732:1
4651,ipv4,80.249.210.15
4651,ipv6,2001:7f8:1::a500:4651:1
24642,ipv4,80.249.208.248
24642,ipv6,2001:7f8:1::a502:4642:1
30925,ipv4,80.249.209.79
30925,ipv6,2001:7f8:1::a503:925:1
36408,ipv4,80.249.208.191
36408,ipv6,2001:7f8:1::a503:6408:2
36408,ipv4,80.249.210.106
36408,ipv6,2001:7f8:1::a503:6408:1
34177,ipv4,80.249.210.38
34177,ipv6,2001:7f8:1::a503:4177:1
1680,ipv4,80.249.210.84
1680,ipv6,2001:7f8:1::a500:1680:1
23106,ipv4,80.249.213.51
23106,ipv6,2001:7f8:1::a502:3106:1
60890,ipv4,80.249.213.64
60890,ipv6,2001:7f8:1::a506:890:1
199330,ipv4,80.249.213.65
199330,ipv6,2001:7f8:1:0:a500:19:9330:1
3910,ipv4,80.249.212.192
2852,ipv4,80.249.209.106
2852,ipv6,2001:7f8:1::a500:2852:1
7862,ipv4,80.249.213.42
7862,ipv6,2001:7f8:1::a500:7862:1
17408,ipv4,103.247.139.65
17408,ipv6,2001:df0:296::a501:7408:1
63541,ipv4,80.249.212.147
63541,ipv6,2001:7f8:1::a506:3541:1
58453,ipv4,80.249.208.40
58453,ipv6,2001:7f8:1::a505:8453:1
58453,ipv4,193.105.101.100
58453,ipv4,193.105.101.182
4134,ipv4,80.249.212.76
20473,ipv4,80.249.212.38
20473,ipv6,2001:7f8:1::a502:473:1
36692,ipv4,80.249.208.88
36692,ipv6,2001:7f8:1::a503:6692:1
109,ipv4,80.249.211.50
109,ipv6,2001:7f8:1::a500:109:1
13445,ipv4,80.249.208.75
13445,ipv6,2001:7f8:1::a501:3445:1
17554,ipv4,193.105.101.173
17554,ipv4,193.105.101.174
39704,ipv4,80.249.209.130
39704,ipv6,2001:7f8:1::a503:9704:1
8426,ipv4,80.249.208.82
8426,ipv6,2001:7f8:1::a500:8426:2
8426,ipv4,80.249.209.228
8426,ipv6,2001:7f8:1::a500:8426:1
199660,ipv4,80.249.212.126
199660,ipv6,2001:7f8:1:0:a500:19:9660:1
13335,ipv4,103.247.139.50
13335,ipv6,2001:df0:296::a501:3335:2
13335,ipv4,80.249.211.140
13335,ipv6,2001:7f8:1::a501:3335:1
13335,ipv4,200.0.20.10
13335,ipv6,2001:13c7:6004::a501:3335:1
13335,ipv4,206.41.106.62
13335,ipv6,2001:504:3d:1:0:a501:3335:1
13335,ipv4,206.108.115.16
13335,ipv6,2001:504:38:1:0:a501:3335:1
13335,ipv4,206.126.240.35
13335,ipv6,2001:504:34:1:0:a501:3335:1
202932,ipv4,80.249.212.214
202932,ipv6,2001:7f8:1:0:a500:20:2932:1
15447,ipv4,80.249.210.157
45903,ipv4,103.247.139.16
45903,ipv6,2001:df0:296::a504:5903:1
62715,ipv4,80.249.209.113
62715,ipv6,2001:7f8:1::a506:2715:1
63956,ipv4,80.249.213.115
63956,ipv6,2001:7f8:1::a506:3956:1
61955,ipv4,80.249.211.155
61955,ipv6,2001:7f8:1::a506:1955:1
58291,ipv4,80.249.212.148
58291,ipv6,2001:7f8:1::a505:8291:2
8220,ipv4,80.249.208.236
8220,ipv6,2001:7f8:1::a500:8220:1
8220,ipv4,80.249.208.52
8220,ipv6,2001:7f8:1::a500:8220:2
52233,ipv4,200.0.20.23
52233,ipv6,2001:13c7:6004::a505:2233:1
52233,ipv4,80.249.210.252
52233,ipv6,2001:7f8:1::a505:2233:1
34762,ipv4,80.249.210.149
34762,ipv6,2001:7f8:1::a503:4762:1
33849,ipv4,193.105.101.30
35030,ipv4,193.105.101.157
35030,ipv4,193.105.101.158
39651,ipv4,80.249.211.57
39651,ipv6,2001:7f8:1::a503:9651:1
29697,ipv4,80.249.211.151
29697,ipv6,2001:7f8:1::a502:9697:1
44020,ipv4,80.249.208.185
44020,ipv6,2001:7f8:1::a504:4020:1
31383,ipv4,80.249.209.35
31383,ipv6,2001:7f8:1::a503:1383:1
41913,ipv4,103.247.139.8
41913,ipv6,2001:df0:296::a504:1913:1
41913,ipv4,80.249.211.177
41913,ipv6,2001:7f8:1::a504:1913:1
202120,ipv4,80.249.213.80
202120,ipv6,2001:7f8:1:0:a500:20:2120:1
201233,ipv4,80.249.213.76
15516,ipv4,80.249.209.87
15516,ipv6,2001:7f8:1::a501:5516:1
12871,ipv4,80.249.208.32
12871,ipv6,2001:7f8:1::a501:2871:2
12871,ipv4,80.249.208.64
12871,ipv6,2001:7f8:1::a501:2871:1
58511,ipv4,80.249.212.104
58511,ipv6,2001:7f8:1::a505:8511:1
197692,ipv4,80.249.211.67
197692,ipv6,2001:7f8:1:0:a500:19:7692:1
21339,ipv4,80.249.211.29
17639,ipv4,103.247.139.7
17639,ipv6,2001:df0:296::a501:7639:1
39120,ipv4,80.249.210.28
39120,ipv6,2001:7f8:1::a503:9120:1
41041,ipv4,80.249.212.188
41041,ipv6,2001:7f8:1::a504:1041:1
41041,ipv4,80.249.212.189
41041,ipv6,2001:7f8:1::a504:1041:2
8918,ipv4,80.249.208.58
44788,ipv4,80.249.209.151
44788,ipv6,2001:7f8:1::a504:4788:1
33576,ipv4,200.0.20.27
50300,ipv4,80.249.211.14
50300,ipv6,2001:7f8:1::a505:300:1
15623,ipv4,80.249.213.89
15623,ipv6,2001:7f8:1::a501:5623:1
25151,ipv4,80.249.209.155
25151,ipv6,2001:7f8:1::a502:5151:1
6866,ipv4,80.249.211.198
6866,ipv6,2001:7f8:1::a500:6866:1
6866,ipv4,80.249.212.116
6866,ipv6,2001:7f8:1::a500:6866:2
41690,ipv4,80.249.208.164
41690,ipv6,2001:7f8:1::a504:1690:1
5413,ipv4,80.249.208.95
5413,ipv6,2001:7f8:1::a500:5413:1
21320,ipv4,80.249.210.137
21320,ipv6,2001:7f8:1::a502:1320:1
35297,ipv4,80.249.212.173
35297,ipv6,2001:7f8:1::a503:5297:2
56611,ipv4,80.249.212.253
24778,ipv4,80.249.212.90
47622,ipv4,80.249.210.168
47622,ipv6,2001:7f8:1::a504:7622:1
47748,ipv4,80.249.212.44
47748,ipv6,2001:7f8:1::a504:7748:1
57724,ipv4,80.249.211.8
57724,ipv6,2001:7f8:1::a505:7724:1
29049,ipv4,80.249.212.241
49653,ipv4,80.249.211.119
8763,ipv4,80.249.209.22
8763,ipv6,2001:7f8:1::a500:8763:1
31529,ipv4,80.249.209.160
31529,ipv6,2001:7f8:1::a503:1529:1
29278,ipv4,80.249.212.157
29278,ipv6,2001:7f8:1::a502:9278:1
25542,ipv4,80.249.209.64
25542,ipv6,2001:7f8:1::a502:5542:1
61387,ipv4,80.249.211.101
60294,ipv4,80.249.213.71
60294,ipv6,2001:7f8:1::a506:294:1
3320,ipv4,80.249.209.211
3320,ipv6,2001:7f8:1::a500:3320:1
20936,ipv4,193.105.101.153
20936,ipv4,193.105.101.154
44141,ipv4,80.249.211.118
18001,ipv4,80.249.212.176
18001,ipv6,2001:7f8:1::a501:8001:1
63399,ipv4,80.249.212.61
63399,ipv6,2001:7f8:1::a506:3399:1
196689,ipv4,80.249.210.102
12993,ipv4,80.249.208.246
12993,ipv6,2001:7f8:1::a501:2993:2
201517,ipv4,80.249.212.215
201517,ipv4,80.249.212.216
47973,ipv4,80.249.213.69
47973,ipv6,2001:7f8:1::a504:7973:1
14061,ipv4,80.249.211.163
14061,ipv6,2001:7f8:1::a501:4061:2
14061,ipv4,206.41.106.65
14061,ipv6,2001:504:3d:1:0:a501:4061:1
49605,ipv4,80.249.212.150
49605,ipv6,2001:7f8:1::a504:9605:1
199670,ipv4,80.249.210.166
199670,ipv6,2001:7f8:1:0:a500:19:9670:1
34655,ipv4,80.249.208.150
34655,ipv6,2001:7f8:1::a503:4655:1
3605,ipv4,103.247.139.41
15763,ipv4,80.249.209.138
15763,ipv6,2001:7f8:1::a501:5763:1
43376,ipv4,80.249.212.132
43376,ipv6,2001:7f8:1::a504:3376:1
201288,ipv4,80.249.213.26
19679,ipv4,80.249.212.14
19679,ipv6,2001:7f8:1::a501:9679:1
29462,ipv4,80.249.209.77
29462,ipv6,2001:7f8:1::a502:9462:1
198792,ipv4,80.249.210.41
198792,ipv6,2001:7f8:1::a519:8792:1
31477,ipv4,80.249.209.98
31477,ipv6,2001:7f8:1::a503:1477:1
40999,ipv4,80.249.210.19
40999,ipv6,2001:7f8:1::a504:999:1
34695,ipv4,80.249.208.74
34695,ipv6,2001:7f8:1::a503:4695:1
4589,ipv4,80.249.208.38
4589,ipv6,2001:7f8:1::a500:4589:1
42949,ipv4,80.249.208.231
42949,ipv6,2001:7f8:1::a504:2949:1
62955,ipv4,80.249.212.124
62955,ipv6,2001:7f8:1::a506:2955:1
197426,ipv4,80.249.211.147
197426,ipv6,2001:7f8:1:0:a500:19:7426:1
26505,ipv4,200.0.20.2
8304,ipv4,80.249.208.29
8304,ipv6,2001:7f8:1::a500:8304:1
9031,ipv4,80.249.208.180
9031,ipv6,2001:7f8:1::a500:9031:1
39309,ipv4,80.249.209.65
39309,ipv6,2001:7f8:1::a503:9309:1
198435,ipv4,80.249.211.136
198435,ipv6,2001:7f8:1:0:a500:19:8435:1
5466,ipv4,80.249.208.160
5466,ipv6,2001:7f8:1::a500:5466:1
41090,ipv4,80.249.211.141
41090,ipv6,2001:7f8:1::a504:1090:1
15966,ipv4,80.249.210.11
15966,ipv6,2001:7f8:1::a501:5966:1
49535,ipv4,80.249.212.180
15802,ipv4,80.249.210.125
15802,ipv6,2001:7f8:1::a501:5802:1
8966,ipv4,80.249.209.89
8966,ipv6,2001:7f8:1::a500:8966:1
8966,ipv4,193.105.101.161
8959,ipv4,193.105.101.133
8959,ipv4,193.105.101.62
8468,ipv4,80.249.209.82
8468,ipv6,2001:7f8:1::a500:8468:1
12850,ipv4,80.249.210.183
12850,ipv6,2001:7f8:1::a501:2850:1
37179,ipv4,80.249.212.202
37179,ipv6,2001:7f8:1::a503:7179:1
25220,ipv4,80.249.210.58
25220,ipv6,2001:7f8:1::a502:5220:1
42707,ipv4,80.249.212.36
42707,ipv6,2001:7f8:1::a504:2707:1
62245,ipv4,80.249.211.73
62245,ipv6,2001:7f8:1::a506:2245:1
20969,ipv4,80.249.209.227
20969,ipv6,2001:7f8:1::a502:969:2
20969,ipv4,80.249.211.148
20969,ipv6,2001:7f8:1::a502:969:1
8608,ipv4,80.249.208.90
8608,ipv6,2001:7f8:1::a500:8608:2
8608,ipv4,80.249.209.90
8608,ipv6,2001:7f8:1::a500:8608:1
31319,ipv4,80.249.213.9
31319,ipv6,2001:7f8:1::a503:1319:1
35819,ipv4,80.249.209.254
35819,ipv6,2001:7f8:1::a503:5819:1
6667,ipv4,80.249.208.127
6667,ipv6,2001:7f8:1::a500:6667:1
13237,ipv4,80.249.208.212
13237,ipv6,2001:7f8:1::a501:3237:1
5390,ipv4,80.249.208.55
5390,ipv6,2001:7f8:1::a500:5390:2
5390,ipv4,80.249.208.70
5390,ipv6,2001:7f8:1::a500:5390:1
35320,ipv4,80.249.209.183
35320,ipv6,2001:7f8:1::a503:5320:1
15589,ipv4,80.249.210.206
15589,ipv6,2001:7f8:1::a501:5589:1
8262,ipv4,80.249.209.61
8262,ipv6,2001:7f8:1::a500:8262:1
9145,ipv4,80.249.208.42
9145,ipv6,2001:7f8:1::a500:9145:1
21013,ipv4,80.249.212.224
21013,ipv6,2001:7f8:1::a502:1013:1
30740,ipv4,80.249.209.182
30740,ipv6,2001:7f8:1::a503:740:1
20804,ipv4,80.249.211.34
20804,ipv6,2001:7f8:1::a502:804:1
15695,ipv4,80.249.213.72
15695,ipv6,2001:7f8:1::a501:5695:1
25180,ipv4,80.249.210.52
25180,ipv6,2001:7f8:1::a502:5180:1
38182,ipv4,103.247.139.63
38182,ipv6,2001:df0:296::a503:8182:1
23939,ipv4,80.249.212.244
23939,ipv6,2001:7f8:1::a502:3939:1
32934,ipv4,223.31.200.11
32934,ipv4,223.31.200.12
32934,ipv4,80.249.209.115
32934,ipv6,2001:7f8:1::a503:2934:1
32934,ipv4,80.249.209.164
32934,ipv6,2001:7f8:1::a503:2934:2
32934,ipv4,80.249.212.174
32934,ipv6,2001:7f8:1::a503:2934:3
32934,ipv4,80.249.212.175
32934,ipv6,2001:7f8:1::a503:2934:4
56704,ipv4,80.249.212.60
56704,ipv6,2001:7f8:1::a505:6704:1
54113,ipv4,80.249.212.183
54113,ipv6,2001:7f8:1::a505:4113:2
54113,ipv4,80.249.212.184
54113,ipv6,2001:7f8:1::a505:4113:1
12874,ipv4,80.249.209.243
12874,ipv6,2001:7f8:1::a501:2874:1
200052,ipv4,80.249.211.10
200052,ipv6,2001:7f8:1:0:a500:20:52:1
3252,ipv4,80.249.209.56
3252,ipv6,2001:7f8:1::a500:3252:1
42541,ipv4,80.249.212.84
42541,ipv6,2001:7f8:1::a504:2541:1
60239,ipv4,80.249.212.168
60239,ipv6,2001:7f8:1::a506:239:1
44066,ipv4,80.249.210.114
44066,ipv6,2001:7f8:1::a504:4066:1
15412,ipv4,103.247.139.42
15412,ipv6,2001:df0:296::a501:5412:1
15412,ipv4,80.249.208.72
15412,ipv6,2001:7f8:1::a501:5412:1
27694,ipv4,200.0.20.9
44444,ipv4,80.249.211.69
44444,ipv6,2001:7f8:1::a504:4444:1
1241,ipv4,80.249.210.140
1241,ipv6,2001:7f8:1::a500:1241:1
18403,ipv4,80.249.213.93
18403,ipv6,2001:7f8:1::a501:8403:2
200617,ipv4,80.249.212.221
12322,ipv4,193.105.101.28
12322,ipv4,80.249.208.251
12322,ipv6,2001:7f8:1::a501:2322:1
58952,ipv4,80.249.212.236
20559,ipv4,80.249.212.107
20559,ipv6,2001:7f8:1::a502:559:1
56647,ipv4,80.249.213.84
56647,ipv6,2001:7f8:1::a505:6647:1
57866,ipv4,80.249.209.248
57866,ipv6,2001:7f8:1::a505:7866:1
57866,ipv4,80.249.213.86
57866,ipv6,2001:7f8:1::a505:7866:2
47195,ipv4,80.249.208.92
47195,ipv6,2001:7f8:1::a504:7195:1
29169,ipv4,80.249.209.244
29169,ipv6,2001:7f8:1::a502:9169:1
24730,ipv4,80.249.208.79
24730,ipv6,2001:7f8:1::a502:4730:1
200612,ipv4,80.249.213.82
8851,ipv4,80.249.213.87
8851,ipv6,2001:7f8:1::a500:8851:1
199524,ipv4,80.249.210.150
199524,ipv6,2001:7f8:1:0:a500:19:9524:1
199524,ipv4,103.247.139.62
199524,ipv6,2001:df0:296:0:a500:19:9524:1
43190,ipv4,80.249.208.157
43190,ipv6,2001:7f8:1::a504:3190:1
29263,ipv4,80.249.208.129
29263,ipv6,2001:7f8:1::a502:9263:1
29263,ipv4,80.249.209.172
29263,ipv6,2001:7f8:1::a502:9263:2
38915,ipv4,80.249.209.205
38915,ipv6,2001:7f8:1::a503:8915:1
45204,ipv4,80.249.211.86
45204,ipv6,2001:7f8:1::a504:5204:1
45015,ipv4,80.249.212.231
30094,ipv4,80.249.208.193
30094,ipv6,2001:7f8:1::a503:94:2
30094,ipv4,80.249.209.141
30094,ipv6,2001:7f8:1::a503:94:1
20766,ipv4,80.249.210.195
20766,ipv6,2001:7f8:1::a502:766:1
9009,ipv4,80.249.208.63
9009,ipv6,2001:7f8:1::a500:9009:1
200079,ipv4,80.249.213.55
12615,ipv4,80.249.212.171
12615,ipv6,2001:7f8:1::a501:2615:2
42525,ipv4,80.249.208.96
42525,ipv6,2001:7f8:1::a504:2525:1
39591,ipv4,80.249.208.152
39591,ipv6,2001:7f8:1::a503:9591:1
49453,ipv4,80.249.212.159
49453,ipv6,2001:7f8:1::a504:9453:1
31500,ipv4,80.249.209.157
31500,ipv6,2001:7f8:1::a503:1500:1
24218,ipv4,80.249.210.115
24218,ipv6,2001:7f8:1::a502:4218:1
63113,ipv4,80.249.213.168
52320,ipv4,80.249.212.8
52320,ipv6,2001:7f8:1::a505:2320:1
52320,ipv4,206.126.240.26
52320,ipv6,2001:504:34:1:0:a505:2320:1
6682,ipv4,80.249.212.200
6682,ipv6,2001:7f8:1::a500:6682:1
41153,ipv4,80.249.212.82
41153,ipv6,2001:7f8:1::a504:1153:1
26496,ipv4,80.249.208.26
26496,ipv6,2001:7f8:1::a502:6496:1
22363,ipv4,80.249.212.22
22363,ipv4,80.249.212.23
3216,ipv4,80.249.209.153
3216,ipv6,2001:7f8:1::a500:3216:1
64567,ipv4,200.0.20.26
15169,ipv4,103.247.139.57
15169,ipv6,2001:df0:296::a501:5169:2
15169,ipv4,80.249.208.247
15169,ipv6,2001:7f8:1::a501:5169:2
15169,ipv4,80.249.209.100
15169,ipv6,2001:7f8:1::a501:5169:1
15169,ipv4,206.41.106.63
15169,ipv6,2001:504:3d:1:0:a501:5169:1
15169,ipv4,206.108.115.40
15169,ipv6,2001:504:38:1:0:a501:5169:1
15169,ipv4,206.126.240.44
15169,ipv6,2001:504:34:1:0:a501:5169:1
13157,ipv4,80.249.211.22
13157,ipv6,2001:7f8:1::a501:3157:1
51018,ipv4,80.249.213.12
51018,ipv6,2001:7f8:1::a505:1018:2
200981,ipv4,80.249.212.195
200981,ipv4,80.249.212.196
1836,ipv4,80.249.208.192
1836,ipv6,2001:7f8:1::a500:1836:1
47172,ipv4,80.249.211.78
47172,ipv6,2001:7f8:1::a504:7172:1
205668,ipv4,80.249.213.117
205668,ipv6,2001:7f8:1:0:a500:20:5668:1
43942,ipv4,80.249.211.49
43942,ipv6,2001:7f8:1::a504:3942:1
3257,ipv4,80.249.208.85
3257,ipv6,2001:7f8:1::a500:3257:1
3225,ipv4,80.249.211.105
3225,ipv6,2001:7f8:1::a500:3225:1
29017,ipv4,80.249.209.84
29017,ipv6,2001:7f8:1::a502:9017:1
24608,ipv4,80.249.211.79
24608,ipv6,2001:7f8:1::a502:4608:1
51050,ipv4,80.249.210.62
51050,ipv6,2001:7f8:1::a505:1050:1
12355,ipv4,80.249.208.76
12355,ipv6,2001:7f8:1::a501:2355:2
1248,ipv4,80.249.209.238
1248,ipv6,2001:7f8:1::a500:1248:1
24940,ipv4,80.249.209.55
24940,ipv6,2001:7f8:1::a502:4940:1
34863,ipv4,80.249.210.45
34863,ipv6,2001:7f8:1::a503:4863:1
44034,ipv4,80.249.210.213
44034,ipv6,2001:7f8:1::a504:4034:1
39326,ipv4,80.249.209.107
39326,ipv6,2001:7f8:1::a503:9326:1
12989,ipv4,80.249.208.94
12989,ipv6,2001:7f8:1::a501:2989:1
12989,ipv4,80.249.209.70
12989,ipv6,2001:7f8:1::a501:2989:2
33438,ipv4,80.249.213.122
33438,ipv6,2001:7f8:1::a503:3438:1
34305,ipv4,80.249.209.174
34305,ipv6,2001:7f8:1::a503:4305:1
197985,ipv4,80.249.210.143
197985,ipv6,2001:7f8:1:0:a500:19:7985:1
45037,ipv4,80.249.208.253
34019,ipv4,80.249.210.134
34019,ipv6,2001:7f8:1::a503:4019:1
16097,ipv4,80.249.209.114
16097,ipv6,2001:7f8:1::a501:6097:1
9269,ipv4,80.249.211.117
9269,ipv6,2001:7f8:1::a500:9269:1
9269,ipv4,80.249.211.193
9269,ipv6,2001:7f8:1::a500:9269:2
9269,ipv4,103.247.139.9
32338,ipv4,80.249.212.151
32338,ipv6,2001:7f8:1::a503:2338:1
57043,ipv4,80.249.212.7
57043,ipv6,2001:7f8:1::a505:7043:1
200904,ipv4,80.249.210.191
200904,ipv6,2001:7f8:1:0:a500:20:904:1
197902,ipv4,80.249.210.170
197902,ipv6,2001:7f8:1::a519:7902:1
9115,ipv4,80.249.209.127
9115,ipv6,2001:7f8:1::a500:9115:1
133229,ipv4,80.249.208.225
133229,ipv6,2001:7f8:1:0:a500:13:3229:1
29140,ipv4,80.249.210.17
29140,ipv6,2001:7f8:1::a502:9140:1
36236,ipv4,80.249.210.142
36236,ipv6,2001:7f8:1::a503:6236:1
28801,ipv4,80.249.211.139
28801,ipv6,2001:7f8:1::a502:8801:1
12849,ipv4,80.249.211.75
12849,ipv6,2001:7f8:1::a501:2849:1
24088,ipv4,103.247.139.46
200756,ipv4,80.249.213.44
39537,ipv4,80.249.209.194
39537,ipv6,2001:7f8:1::a503:9537:1
6939,ipv4,103.247.139.6
6939,ipv6,2001:df0:296::a500:6939:1
6939,ipv4,80.249.209.150
6939,ipv6,2001:7f8:1::a500:6939:1
6939,ipv4,206.41.106.27
6939,ipv4,206.108.115.13
6939,ipv4,206.108.115.34
6939,ipv4,206.126.240.27
6939,ipv6,2001:504:34:1:0:a500:6939:1
9304,ipv4,193.105.101.12
9304,ipv4,80.249.210.31
9304,ipv6,2001:7f8:1::a500:9304:1
9304,ipv4,103.247.138.198
9304,ipv4,103.247.139.39
9304,ipv6,2001:df0:296::a500:9304:1
45590,ipv4,103.247.139.23
45590,ipv6,2001:df0:296::a504:5590:1
55355,ipv4,103.247.139.22
55355,ipv6,2001:df0:296::a505:5355:1
49544,ipv4,80.249.208.162
49544,ipv6,2001:7f8:1::a504:9544:1
58779,ipv4,103.247.139.32
58779,ipv6,2001:df0:296::a505:8779:1
39637,ipv4,80.249.208.188
39637,ipv6,2001:7f8:1::a503:9637:1
197038,ipv4,80.249.208.177
6677,ipv4,80.249.210.138
6677,ipv6,2001:7f8:1::a500:6677:1
12931,ipv4,80.249.213.78
12931,ipv6,2001:7f8:1::a501:2931:1
12496,ipv4,80.249.208.141
12496,ipv6,2001:7f8:1::a501:2496:1
29075,ipv4,80.249.208.27
29075,ipv6,2001:7f8:1::a502:9075:1
34141,ipv4,80.249.209.136
19551,ipv4,80.249.208.124
19551,ipv6,2001:7f8:1::a501:9551:1
27381,ipv4,80.249.211.230
27381,ipv6,2001:7f8:1::a502:7381:1
4761,ipv4,80.249.210.222
4761,ipv6,2001:7f8:1::a500:4761:1
33031,ipv4,80.249.208.224
33031,ipv6,2001:7f8:1::a503:3031:1
12310,ipv4,80.249.210.5
12310,ipv6,2001:7f8:1::a501:2310:1
34215,ipv4,80.249.209.40
56654,ipv4,80.249.208.158
20953,ipv4,80.249.208.203
20953,ipv6,2001:7f8:1::a502:953:1
21221,ipv4,80.249.208.102
21221,ipv6,2001:7f8:1::a502:1221:1
34756,ipv4,80.249.210.97
34756,ipv6,2001:7f8:1::a503:4756:1
34756,ipv4,80.249.211.216
34756,ipv6,2001:7f8:1::a503:4756:2
8587,ipv4,80.249.209.71
8587,ipv6,2001:7f8:1::a500:8587:1
3302,ipv4,80.249.210.136
62325,ipv4,80.249.210.215
62325,ipv6,2001:7f8:1::a506:2325:1
13030,ipv4,80.249.208.210
13030,ipv6,2001:7f8:1::a501:3030:1
13030,ipv4,80.249.210.210
13030,ipv6,2001:7f8:1::a501:3030:2
4775,ipv4,103.247.139.44
4775,ipv6,2001:df0:296::a500:4775:1
31510,ipv4,80.249.213.75
31510,ipv6,2001:7f8:1::a503:1510:1
33047,ipv4,80.249.212.213
7415,ipv4,80.249.211.226
7415,ipv4,80.249.211.227
50272,ipv4,80.249.211.241
50272,ipv6,2001:7f8:1::a505:272:1
16298,ipv4,80.249.208.183
16298,ipv6,2001:7f8:1::a501:6298:1
197981,ipv4,80.249.210.221
197981,ipv6,2001:7f8:1:0:a500:19:7981:1
9150,ipv4,80.249.208.139
9150,ipv6,2001:7f8:1::a500:9150:1
9150,ipv4,80.249.209.179
9150,ipv6,2001:7f8:1::a500:9150:2
24586,ipv4,80.249.209.41
24586,ipv6,2001:7f8:1::a502:4586:1
24586,ipv4,80.249.210.107
24586,ipv6,2001:7f8:1::a502:4586:2
29791,ipv4,80.249.209.187
29791,ipv6,2001:7f8:1::a502:9791:1
29791,ipv4,206.41.106.64
29791,ipv6,2001:504:3d:1:0:a502:9791:1
6717,ipv4,80.249.210.169
6717,ipv6,2001:7f8:1::a500:6717:1
30132,ipv4,80.249.208.111
30132,ipv6,2001:7f8:1::a503:132:1
30132,ipv4,80.249.208.140
30132,ipv6,2001:7f8:1::a503:132:2
8928,ipv4,80.249.208.175
8928,ipv6,2001:7f8:1::a500:8928:2
8928,ipv4,80.249.208.81
8928,ipv6,2001:7f8:1::a500:8928:1
42093,ipv4,80.249.208.232
42093,ipv6,2001:7f8:1::a504:2093:1
12301,ipv4,80.249.210.49
12301,ipv6,2001:7f8:1::a501:2301:1
12731,ipv4,80.249.208.226
12731,ipv6,2001:7f8:1::a501:2731:1
25091,ipv4,80.249.210.135
25091,ipv6,2001:7f8:1::a502:5091:1
12552,ipv4,80.249.209.235
12552,ipv6,2001:7f8:1::a501:2552:1
49289,ipv4,80.249.208.201
49289,ipv6,2001:7f8:1::a504:9289:1
45352,ipv4,80.249.212.191
199275,ipv4,80.249.208.147
199275,ipv6,2001:7f8:1:0:a500:19:9275:1
41095,ipv4,80.249.209.196
41095,ipv6,2001:7f8:1::a504:1095:1
46786,ipv4,80.249.211.47
46786,ipv6,2001:7f8:1::a504:6786:1
16147,ipv4,80.249.208.170
16147,ipv4,80.249.209.170
47232,ipv4,80.249.213.98
47232,ipv6,2001:7f8:1::a504:7232:1
35366,ipv4,80.249.209.134
35366,ipv6,2001:7f8:1::a503:5366:1
23393,ipv4,80.249.209.223
23393,ipv6,2001:7f8:1::a502:3393:1
197440,ipv4,80.249.211.231
197440,ipv6,2001:7f8:1:0:a500:19:7440:2
49285,ipv4,80.249.212.58
49285,ipv6,2001:7f8:1::a504:9285:1
49685,ipv4,80.249.209.148
49685,ipv6,2001:7f8:1::a504:9685:1
49685,ipv4,80.249.209.149
49685,ipv6,2001:7f8:1::a504:9685:2
12779,ipv4,80.249.209.17
12779,ipv6,2001:7f8:1::a501:2779:1
13249,ipv4,80.249.210.249
13249,ipv6,2001:7f8:1::a501:3249:2
34968,ipv4,80.249.209.81
34968,ipv6,2001:7f8:1::a503:4968:1
59865,ipv4,80.249.209.186
59865,ipv6,2001:7f8:1::a505:9865:1
43531,ipv4,80.249.208.131
43531,ipv6,2001:7f8:1::a504:3531:1
43531,ipv4,206.126.240.133
43531,ipv6,2001:504:34:1:0:a504:3531:1
30781,ipv4,80.249.209.239
30781,ipv6,2001:7f8:1::a503:781:1
45629,ipv4,80.249.211.150
45629,ipv6,2001:7f8:1::a504:5629:2
45629,ipv4,103.247.139.19
12715,ipv4,80.249.211.54
12715,ipv6,2001:7f8:1::a501:2715:1
5563,ipv4,80.249.212.108
61266,ipv4,80.249.212.41
61266,ipv6,2001:7f8:1::a506:1266:1
60319,ipv4,80.249.212.238
60319,ipv6,2001:7f8:1::a506:319:1
8732,ipv4,80.249.209.247
8732,ipv6,2001:7f8:1::a500:8732:1
12695,ipv4,80.249.212.185
12695,ipv6,2001:7f8:1::a501:2695:2
51028,ipv4,80.249.212.100
51028,ipv6,2001:7f8:1::a505:1028:1
46489,ipv4,80.249.210.197
46489,ipv6,2001:7f8:1::a504:6489:2
46489,ipv4,80.249.211.27
46489,ipv6,2001:7f8:1::a504:6489:1
31334,ipv4,80.249.209.249
43995,ipv4,80.249.212.211
43995,ipv6,2001:7f8:1::a504:3995:1
34288,ipv4,80.249.213.32
34288,ipv4,80.249.209.29
34288,ipv6,2001:7f8:1::a503:4288:1
51313,ipv4,80.249.210.27
51313,ipv6,2001:7f8:1::a505:1313:1
199939,ipv4,80.249.211.24
199939,ipv6,2001:7f8:1:0:a500:19:9939:2
199939,ipv4,80.249.211.25
199939,ipv6,2001:7f8:1:0:a500:19:9939:1
25178,ipv4,80.249.211.204
25178,ipv6,2001:7f8:1::a502:5178:1
6834,ipv4,80.249.210.25
6834,ipv6,2001:7f8:1::a500:6834:1
48519,ipv4,80.249.212.99
48519,ipv6,2001:7f8:1::a504:8519:1
35745,ipv4,80.249.211.20
35745,ipv6,2001:7f8:1::a503:5745:1
17511,ipv4,80.249.212.125
17511,ipv6,2001:7f8:1::a501:7511:1
4766,ipv4,80.249.209.129
4766,ipv6,2001:7f8:1::a500:4766:1
58138,ipv4,80.249.209.189
58138,ipv6,2001:7f8:1::a505:8138:1
1136,ipv4,80.249.208.144
1136,ipv6,2001:7f8:1::a500:1136:1
1136,ipv4,80.249.208.89
1136,ipv6,2001:7f8:1::a500:1136:2
5615,ipv4,80.249.208.115
5615,ipv6,2001:7f8:1::a500:5615:1
5615,ipv4,80.249.208.78
5615,ipv6,2001:7f8:1::a500:5615:2
64583,ipv4,195.60.82.135
64583,ipv4,195.60.82.136
64595,ipv4,195.60.82.138
64595,ipv4,195.60.82.138
64595,ipv4,195.60.82.139
64595,ipv4,195.60.82.139
286,ipv4,80.249.210.108
286,ipv6,2001:7f8:1::a500:286:1
43225,ipv4,193.105.101.140
43225,ipv4,193.105.101.141
43225,ipv4,193.105.101.35
43225,ipv4,193.105.101.65
15879,ipv4,80.249.208.167
15879,ipv6,2001:7f8:1::a501:5879:1
15879,ipv4,80.249.209.67
15879,ipv6,2001:7f8:1::a501:5879:2
58209,ipv4,80.249.211.131
43727,ipv4,80.249.213.103
43727,ipv6,2001:7f8:1::a504:3727:1
24904,ipv4,80.249.210.22
24904,ipv6,2001:7f8:1::a502:4904:1
199332,ipv4,80.249.210.167
199332,ipv6,2001:7f8:1:0:a500:19:9332:1
39180,ipv4,80.249.210.24
39180,ipv6,2001:7f8:1::a503:9180:1
12578,ipv4,80.249.210.13
12578,ipv6,2001:7f8:1::a501:2578:1
293,ipv4,80.249.213.7
293,ipv6,2001:7f8:1::a500:293:1
16265,ipv4,80.249.208.215
16265,ipv6,2001:7f8:1::a501:6265:2
16265,ipv4,80.249.209.215
16265,ipv6,2001:7f8:1::a501:6265:1
16265,ipv4,206.126.240.30
16265,ipv6,2001:504:34:1:0:a501:6265:1
39063,ipv4,80.249.212.31
39063,ipv6,2001:7f8:1::a503:9063:1
31638,ipv4,80.249.211.74
31638,ipv6,2001:7f8:1::a503:1638:1
3356,ipv4,80.249.208.110
3356,ipv6,2001:7f8:1::a500:3356:1
50618,ipv4,80.249.210.21
50618,ipv6,2001:7f8:1::a505:618:1
6830,ipv4,80.249.208.106
6830,ipv6,2001:7f8:1::a500:6830:2
6830,ipv4,80.249.208.174
6830,ipv6,2001:7f8:1::a500:6830:3
22822,ipv4,80.249.209.133
22822,ipv6,2001:7f8:1::a502:2822:1
22822,ipv4,80.249.211.209
22822,ipv6,2001:7f8:1::a502:2822:2
22822,ipv4,103.247.139.49
22822,ipv6,2001:df0:296::a502:2822:1
22822,ipv4,206.108.115.24
22822,ipv6,2001:504:38:1:0:a502:2822:1
34309,ipv4,80.249.209.111
34309,ipv6,2001:7f8:1::a503:4309:1
197612,ipv4,80.249.211.185
197612,ipv6,2001:7f8:1:0:a500:19:7612:1
3327,ipv4,80.249.209.242
3327,ipv6,2001:7f8:1::a500:3327:1
30844,ipv4,80.249.211.45
30844,ipv6,2001:7f8:1::a503:844:1
2854,ipv4,80.249.211.189
2854,ipv6,2001:7f8:1::a500:2854:1
43404,ipv4,80.249.212.140
43404,ipv6,2001:7f8:1::a504:3404:1
50384,ipv4,80.249.209.237
50384,ipv6,2001:7f8:1::a505:384:1
52041,ipv4,80.249.212.77
52041,ipv6,2001:7f8:1::a505:2041:1
47764,ipv4,80.249.211.188
47764,ipv6,2001:7f8:1::a504:7764:2
47764,ipv4,80.249.213.45
47764,ipv6,2001:7f8:1::a504:7764:3
49218,ipv4,80.249.212.121
15772,ipv4,80.249.211.12
15772,ipv6,2001:7f8:1::a501:5772:1
49463,ipv4,80.249.212.142
49463,ipv6,2001:7f8:1::a504:9463:1
48522,ipv4,80.249.208.134
48522,ipv6,2001:7f8:1::a504:8522:2
48522,ipv4,80.249.210.16
48522,ipv6,2001:7f8:1::a504:8522:1
12902,ipv4,80.249.208.223
12902,ipv6,2001:7f8:1::a501:2902:1
8632,ipv4,80.249.210.124
8632,ipv6,2001:7f8:1::a500:8632:1
29467,ipv4,80.249.212.207
29467,ipv6,2001:7f8:1::a502:9467:1
50629,ipv4,80.249.212.106
50629,ipv6,2001:7f8:1::a505:629:1
59701,ipv4,80.249.212.98
59701,ipv6,2001:7f8:1::a505:9701:1
22023,ipv4,80.249.212.249
22023,ipv6,2001:7f8:1::a502:2023:1
22023,ipv4,80.249.212.250
22023,ipv6,2001:7f8:1::a502:2023:2
37282,ipv4,80.249.208.138
37282,ipv6,2001:7f8:1::a503:7282:1
13122,ipv4,80.249.209.178
41552,ipv4,80.249.209.112
41552,ipv6,2001:7f8:1::a504:1552:2
61124,ipv4,80.249.211.223
54104,ipv4,80.249.212.115
54104,ipv6,2001:7f8:1::a505:4104:1
61349,ipv4,80.249.211.28
61349,ipv6,2001:7f8:1::a506:1349:1
202197,ipv4,80.249.211.103
202197,ipv6,2001:7f8:1:0:a500:20:2197:1
50763,ipv4,80.249.210.99
50763,ipv6,2001:7f8:1::a505:763:1
31019,ipv4,80.249.211.199
31019,ipv6,2001:7f8:1::a503:1019:1
30419,ipv4,80.249.211.46
61200,ipv4,80.249.213.62
61200,ipv6,2001:7f8:1::a506:1200:1
44654,ipv4,80.249.208.176
44654,ipv6,2001:7f8:1::a504:4654:1
60357,ipv4,80.249.212.128
60357,ipv6,2001:7f8:1::a506:357:1
56630,ipv4,80.249.212.199
56630,ipv6,2001:7f8:1::a505:6630:1
8657,ipv4,193.105.101.183
8657,ipv4,193.105.101.184
8657,ipv4,80.249.208.217
8657,ipv6,2001:7f8:1::a500:8657:1
25074,ipv4,80.249.208.155
25074,ipv6,2001:7f8:1::a502:5074:1
21345,ipv4,80.249.209.36
21345,ipv6,2001:7f8:1::a502:1345:1
8816,ipv4,80.249.210.226
8816,ipv6,2001:7f8:1::a500:8816:1
50923,ipv4,80.249.208.86
50923,ipv6,2001:7f8:1::a505:923:1
38880,ipv4,80.249.212.75
38880,ipv6,2001:7f8:1::a503:8880:1
8075,ipv4,80.249.209.20
8075,ipv6,2001:7f8:1::a500:8075:1
8075,ipv4,80.249.209.21
8075,ipv6,2001:7f8:1::a500:8075:2
8075,ipv4,103.247.139.28
8075,ipv6,2001:df0:296::a500:8075:1
8075,ipv4,206.41.106.72
8075,ipv6,2001:504:3d:1:0:a500:8075:1
8075,ipv4,206.108.115.47
8075,ipv6,2001:504:38:1:0:a500:8075:1
8075,ipv4,206.126.240.51
8075,ipv6,2001:504:34:1:0:a500:8075:1
48858,ipv4,80.249.213.57
48858,ipv6,2001:7f8:1::a504:8858:1
203040,ipv4,80.249.213.95
8767,ipv4,80.249.209.94
8767,ipv6,2001:7f8:1::a500:8767:1
37009,ipv4,80.249.209.57
37009,ipv6,2001:7f8:1::a503:7009:1
8717,ipv4,80.249.210.67
8717,ipv6,2001:7f8:1::a500:8717:1
42567,ipv4,80.249.212.37
42567,ipv6,2001:7f8:1::a504:2567:1
23947,ipv4,80.249.212.164
23947,ipv6,2001:7f8:1::a502:3947:1
49405,ipv4,80.249.210.57
49405,ipv4,80.249.210.69
16637,ipv4,80.249.208.117
16637,ipv6,2001:7f8:1::a501:6637:2
8359,ipv4,80.249.209.188
8359,ipv6,2001:7f8:1::a500:8359:1
64527,ipv4,193.105.101.134
64527,ipv4,193.105.101.135
13002,ipv4,193.105.101.176
13002,ipv4,80.249.210.10
13002,ipv6,2001:7f8:1::a501:3002:1
24961,ipv4,80.249.208.219
24961,ipv6,2001:7f8:1::a502:4961:1
20546,ipv4,80.249.213.81
20546,ipv6,2001:7f8:1::a502:546:1
57119,ipv4,80.249.211.253
57119,ipv6,2001:7f8:1::a505:7119:1
39179,ipv4,80.249.210.251
39179,ipv6,2001:7f8:1::a503:9179:1
59624,ipv4,80.249.212.186
59624,ipv6,2001:7f8:1::a505:9624:1
8399,ipv4,80.249.211.63
8399,ipv6,2001:7f8:1::a500:8399:1
23576,ipv4,80.249.211.220
206676,ipv4,80.249.213.35
206676,ipv6,2001:7f8:1:0:a500:20:6676:1
56953,ipv4,80.249.211.176
56953,ipv6,2001:7f8:1::a505:6953:1
25459,ipv4,80.249.209.68
25459,ipv6,2001:7f8:1::a502:5459:1
8218,ipv4,80.249.209.53
8218,ipv6,2001:7f8:1::a500:8218:2
13193,ipv4,80.249.209.198
13193,ipv6,2001:7f8:1::a501:3193:1
62267,ipv4,80.249.211.38
201877,ipv4,80.249.211.219
12714,ipv4,80.249.211.41
12714,ipv6,2001:7f8:1::a501:2714:1
8422,ipv4,80.249.209.62
8422,ipv6,2001:7f8:1::a500:8422:1
8422,ipv4,80.249.213.74
8422,ipv6,2001:7f8:1::a500:8422:2
34224,ipv4,80.249.209.26
34224,ipv6,2001:7f8:1::a503:4224:1
2906,ipv4,80.249.210.250
2906,ipv6,2001:7f8:1::a500:2906:1
2906,ipv4,80.249.211.250
2906,ipv6,2001:7f8:1::a500:2906:2
2906,ipv4,80.249.211.250
2906,ipv6,2001:7f8:1::a500:2906:2
57463,ipv4,80.249.210.80
57463,ipv6,2001:7f8:1::a505:7463:1
8674,ipv4,80.249.208.56
8674,ipv6,2001:7f8:1::a500:8674:1
8674,ipv4,80.249.209.92
8674,ipv6,2001:7f8:1::a500:8674:2
15547,ipv4,80.249.212.158
15547,ipv6,2001:7f8:1::a501:5547:2
47869,ipv4,80.249.209.202
47869,ipv6,2001:7f8:1::a504:7869:1
31078,ipv4,80.249.210.64
31078,ipv6,2001:7f8:1::a503:1078:1
8283,ipv4,80.249.211.161
8283,ipv6,2001:7f8:1::a500:8283:1
37497,ipv4,80.249.213.88
37497,ipv6,2001:7f8:1::a503:7497:1
34569,ipv4,80.249.212.78
9036,ipv4,80.249.210.36
32978,ipv4,193.105.101.16
32978,ipv4,193.105.101.17
32978,ipv4,193.105.101.18
32978,ipv4,193.105.101.19
53264,ipv4,80.249.212.134
53264,ipv6,2001:7f8:1::a505:3264:1
31424,ipv4,80.249.208.118
31424,ipv6,2001:7f8:1::a503:1424:1
20278,ipv4,80.249.212.166
20278,ipv6,2001:7f8:1::a502:278:1
1764,ipv4,80.249.211.123
1764,ipv6,2001:7f8:1::a500:1764:1
45474,ipv4,80.249.212.53
199947,ipv4,80.249.211.111
199947,ipv6,2001:7f8:1:0:a500:19:9947:1
43350,ipv4,80.249.210.175
43350,ipv6,2001:7f8:1::a504:3350:2
43350,ipv4,80.249.208.228
43350,ipv6,2001:7f8:1::a504:3350:1
31027,ipv4,80.249.208.233
31027,ipv6,2001:7f8:1::a503:1027:1
2603,ipv4,80.249.209.203
2603,ipv6,2001:7f8:1::a500:2603:1
41313,ipv4,80.249.211.246
41313,ipv6,2001:7f8:1::a504:1313:1
24875,ipv4,80.249.208.126
24875,ipv6,2001:7f8:1::a502:4875:1
25182,ipv4,80.249.208.243
25182,ipv6,2001:7f8:1::a502:5182:2
25182,ipv4,80.249.209.86
25182,ipv6,2001:7f8:1::a502:5182:1
202189,ipv4,80.249.211.128
202189,ipv6,2001:7f8:1:0:a500:20:2189:2
202189,ipv4,80.249.211.129
202189,ipv6,2001:7f8:1:0:a500:20:2189:1
34087,ipv4,80.249.213.73
34087,ipv6,2001:7f8:1::a503:4087:1
38645,ipv4,193.105.101.14
38645,ipv4,193.105.101.15
2914,ipv4,80.249.208.36
2914,ipv6,2001:7f8:1::a500:2914:1
39318,ipv4,80.249.211.244
39318,ipv6,2001:7f8:1::a503:9318:1
28725,ipv4,193.105.101.72
28725,ipv4,193.105.101.73
1668,ipv4,80.249.209.27
1668,ipv6,2001:7f8:1::a500:1668:1
197595,ipv4,80.249.212.156
197595,ipv6,2001:7f8:1:0:a500:19:7595:1
44843,ipv4,80.249.213.61
44843,ipv6,2001:7f8:1::a504:4843:1
60718,ipv4,80.249.211.225
31133,ipv4,80.249.208.125
31133,ipv6,2001:7f8:1::a503:1133:2
8529,ipv4,80.249.208.30
8529,ipv6,2001:7f8:1::a500:8529:1
44431,ipv4,80.249.211.195
55799,ipv4,80.249.210.98
55799,ipv6,2001:7f8:1::a505:5799:1
51468,ipv4,80.249.210.127
51468,ipv6,2001:7f8:1::a505:1468:1
51185,ipv4,80.249.213.63
51185,ipv4,80.249.210.163
51185,ipv6,2001:7f8:1::a505:1185:1
12876,ipv4,80.249.212.93
12876,ipv6,2001:7f8:1::a501:2876:2
50010,ipv4,80.249.209.116
50010,ipv6,2001:7f8:1::a505:10:2
44981,ipv4,80.249.212.30
44981,ipv6,2001:7f8:1::a504:4981:1
13285,ipv4,80.249.209.34
13285,ipv6,2001:7f8:1::a501:3285:1
41692,ipv4,80.249.209.221
41692,ipv6,2001:7f8:1::a504:1692:1
20621,ipv4,80.249.211.168
20621,ipv6,2001:7f8:1::a502:621:1
20562,ipv4,80.249.208.189
20562,ipv6,2001:7f8:1::a502:562:1
20562,ipv4,80.249.209.197
20562,ipv6,2001:7f8:1::a502:562:2
36089,ipv4,80.249.211.37
36089,ipv6,2001:7f8:1::a503:6089:1
39832,ipv4,80.249.210.187
39832,ipv6,2001:7f8:1::a503:9832:1
39832,ipv4,80.249.210.55
39832,ipv6,2001:7f8:1::a503:9832:2
48200,ipv4,80.249.211.172
48200,ipv6,2001:7f8:1::a504:8200:1
203319,ipv4,80.249.212.254
203319,ipv6,2001:7f8:1:0:a500:20:3319:1
7160,ipv4,80.249.210.66
2300,ipv4,193.105.101.142
2300,ipv4,193.105.101.143
29535,ipv4,80.249.208.239
29535,ipv6,2001:7f8:1::a502:9535:1
57023,ipv4,80.249.211.51
57023,ipv6,2001:7f8:1::a505:7023:1
43366,ipv4,80.249.211.196
43366,ipv6,2001:7f8:1::a504:3366:1
12713,ipv4,193.105.101.11
12713,ipv4,193.105.101.168
12713,ipv4,80.249.208.179
12713,ipv6,2001:7f8:1::a501:2713:1
16276,ipv4,80.249.209.231
16276,ipv6,2001:7f8:1::a501:6276:1
16276,ipv4,80.249.209.245
16276,ipv6,2001:7f8:1::a501:6276:2
201214,ipv4,80.249.209.83
201214,ipv6,2001:7f8:1:0:a500:20:1214:1
42,ipv4,80.249.208.250
42,ipv6,2001:7f8:1::a500:42:1
42,ipv4,206.41.106.52
42,ipv6,2001:504:3d:1:0:a500:42:1
42,ipv4,206.108.115.21
42,ipv6,2001:504:38:1:0:a500:42:1
42,ipv4,206.126.240.37
42,ipv6,2001:504:34:1:0:a500:42:1
3856,ipv4,80.249.209.250
3856,ipv6,2001:7f8:1::a500:3856:1
3856,ipv4,206.41.106.51
3856,ipv6,2001:504:3d:1:0:a500:3856:1
3856,ipv4,206.108.115.31
3856,ipv6,2001:504:38:1:0:a500:3856:1
3856,ipv4,206.126.240.38
3856,ipv6,2001:504:34:1:0:a500:3856:1
54825,ipv4,80.249.213.96
54825,ipv6,2001:7f8:1::a505:4825:1
54825,ipv4,206.41.106.54
54825,ipv6,2001:504:3d:1:0:a505:4825:1
54825,ipv4,206.126.240.34
54825,ipv6,2001:504:34:1:0:a505:4825:1
10026,ipv4,80.249.211.239
10026,ipv6,2001:7f8:1::a501:26:1
55536,ipv4,103.247.139.33
55536,ipv6,2001:df0:296::a505:5536:1
17557,ipv4,80.249.208.254
17557,ipv6,2001:7f8:1::a501:7557:1
50622,ipv4,80.249.212.172
50622,ipv6,2001:7f8:1::a505:622:1
3491,ipv4,193.105.101.177
3491,ipv4,193.105.101.178
3491,ipv4,80.249.209.37
3491,ipv6,2001:7f8:1::a500:3491:1
38090,ipv4,80.249.213.120
38090,ipv4,80.249.213.121
13768,ipv4,80.249.209.209
13768,ipv6,2001:7f8:1::a501:3768:1
54183,ipv4,80.249.209.93
54183,ipv4,80.249.211.249
197156,ipv4,80.249.210.112
197156,ipv6,2001:7f8:1:0:a500:19:7156:1
8487,ipv4,80.249.210.196
8487,ipv6,2001:7f8:1::a500:8487:1
9299,ipv4,103.247.139.43
12189,ipv4,80.249.212.6
12189,ipv4,80.249.208.235
12189,ipv6,2001:7f8:1::a501:2189:1
49820,ipv4,80.249.208.153
49820,ipv6,2001:7f8:1::a504:9820:1
3326,ipv4,80.249.208.218
3326,ipv6,2001:7f8:1::a500:3326:1
21219,ipv4,80.249.208.80
21219,ipv6,2001:7f8:1::a502:1219:1
52438,ipv4,80.249.211.236
21478,ipv4,80.249.208.216
12306,ipv4,80.249.208.161
12306,ipv6,2001:7f8:1::a501:2306:1
42708,ipv4,80.249.209.25
42708,ipv6,2001:7f8:1::a504:2708:1
15720,ipv4,80.249.211.159
15720,ipv6,2001:7f8:1::a501:5720:1
6661,ipv4,80.249.208.60
6661,ipv6,2001:7f8:1::a500:6661:1
196844,ipv4,80.249.209.102
196844,ipv6,2001:7f8:1:0:a500:19:6844:1
20847,ipv4,80.249.208.197
20847,ipv6,2001:7f8:1::a502:847:2
20847,ipv4,80.249.208.222
20847,ipv6,2001:7f8:1::a502:847:1
39737,ipv4,80.249.211.13
39737,ipv6,2001:7f8:1::a503:9737:1
12883,ipv4,80.249.211.215
12883,ipv6,2001:7f8:1::a501:2883:1
57928,ipv4,80.249.210.244
57928,ipv6,2001:7f8:1::a505:7928:1
198721,ipv4,80.249.208.59
198721,ipv6,2001:7f8:1:0:a500:19:8721:1
41887,ipv4,80.249.210.128
41887,ipv6,2001:7f8:1::a504:1887:1
31577,ipv4,80.249.213.49
40676,ipv4,80.249.213.85
40676,ipv6,2001:7f8:1::a504:676:1
9326,ipv4,103.247.139.66
9326,ipv6,2001:df0:296::a500:9326:1
38158,ipv4,80.249.213.108
38158,ipv6,2001:7f8:1::a503:8158:1
55818,ipv4,80.249.212.208
55818,ipv6,2001:7f8:1::a505:5818:1
7713,ipv4,80.249.211.240
7713,ipv6,2001:7f8:1::a500:7713:1
7713,ipv4,103.247.139.54
7713,ipv6,2001:df0:296::a500:7713:1
62713,ipv4,80.249.210.220
59940,ipv4,80.249.211.167
59940,ipv6,2001:7f8:1::a505:9940:1
8781,ipv4,80.249.209.120
8781,ipv6,2001:7f8:1::a500:8781:1
200023,ipv4,80.249.212.103
200023,ipv6,2001:7f8:1:0:a500:20:23:1
12315,ipv4,80.249.211.68
12315,ipv6,2001:7f8:1::a501:2315:1
27281,ipv4,80.249.209.190
27281,ipv4,80.249.212.29
54994,ipv4,80.249.213.137
29073,ipv4,80.249.209.224
29073,ipv6,2001:7f8:1::a502:9073:1
15600,ipv4,80.249.208.128
15600,ipv6,2001:7f8:1::a501:5600:1
202954,ipv4,80.249.213.133
202954,ipv6,2001:7f8:1:0:a500:20:2954:1
20764,ipv4,80.249.211.84
20764,ipv6,2001:7f8:1::a502:764:1
8708,ipv4,80.249.208.51
8708,ipv6,2001:7f8:1::a500:8708:1
51906,ipv4,80.249.209.95
51906,ipv6,2001:7f8:1::a505:1906:1
48056,ipv4,80.249.211.126
33986,ipv4,80.249.211.165
39647,ipv4,80.249.209.72
39647,ipv6,2001:7f8:1::a503:9647:1
39647,ipv4,80.249.212.65
39647,ipv6,2001:7f8:1::a503:9647:2
31595,ipv4,80.249.209.96
31595,ipv6,2001:7f8:1::a503:1595:1
64049,ipv4,80.249.212.246
64049,ipv6,2001:7f8:1::a506:4049:1
64049,ipv4,80.249.213.41
64049,ipv6,2001:7f8:1::a506:4049:2
64597,ipv4,80.249.208.230
64597,ipv6,2001:7f8:1::a506:4597:1
64597,ipv4,80.249.209.230
64597,ipv6,2001:7f8:1::a506:4597:2
16080,ipv4,80.249.211.248
16080,ipv6,2001:7f8:1::a501:6080:1
18705,ipv4,80.249.209.234
18705,ipv6,2001:7f8:1::a501:8705:1
9002,ipv4,80.249.209.216
9002,ipv6,2001:7f8:1::a500:9002:1
40627,ipv4,80.249.212.87
6507,ipv4,80.249.211.64
6507,ipv6,2001:7f8:1::a500:6507:1
6507,ipv4,80.249.211.66
6507,ipv6,2001:7f8:1::a500:6507:2
6507,ipv4,206.108.115.29
112,ipv4,80.249.208.39
112,ipv6,2001:7f8:1::a500:112:1
3333,ipv4,80.249.208.68
3333,ipv6,2001:7f8:1::a500:3333:1
3333,ipv4,80.249.208.71
3333,ipv6,2001:7f8:1::a500:3333:2
12654,ipv4,80.249.208.69
12654,ipv6,2001:7f8:1::a501:2654:1
25152,ipv4,80.249.208.240
25152,ipv6,2001:7f8:1::a502:5152:1
197000,ipv4,80.249.209.132
197000,ipv6,2001:7f8:1:0:a500:19:7000:1
16347,ipv4,80.249.210.42
16347,ipv6,2001:7f8:1::a501:6347:1
54312,ipv4,80.249.210.75
9050,ipv4,80.249.209.180
9050,ipv6,2001:7f8:1::a500:9050:1
12389,ipv4,80.249.209.121
12389,ipv6,2001:7f8:1::a501:2389:1
28685,ipv4,80.249.208.133
28685,ipv6,2001:7f8:1::a502:8685:1
28685,ipv4,80.249.212.33
28685,ipv6,2001:7f8:1::a502:8685:2
49360,ipv4,80.249.210.193
20504,ipv4,80.249.208.186
20504,ipv4,80.249.209.225
26667,ipv4,80.249.212.237
26667,ipv6,2001:7f8:1::a502:6667:2
5568,ipv4,80.249.209.212
5568,ipv6,2001:7f8:1::a500:5568:1
52389,ipv4,200.0.20.7
52389,ipv6,2001:13c7:6004::a505:2389:1
52344,ipv4,200.0.20.28
34803,ipv4,80.249.208.163
34803,ipv6,2001:7f8:1::a503:4803:1
3262,ipv4,80.249.208.120
3262,ipv6,2001:7f8:1::a500:3262:1
39386,ipv4,80.249.212.144
39386,ipv6,2001:7f8:1::a503:9386:1
39386,ipv4,80.249.212.145
39386,ipv6,2001:7f8:1::a503:9386:2
3561,ipv4,80.249.209.60
3561,ipv6,2001:7f8:1::a500:3561:1
3561,ipv4,80.249.211.107
50072,ipv4,80.249.209.108
29014,ipv4,80.249.211.170
29014,ipv6,2001:7f8:1::a502:9014:1
12399,ipv4,80.249.209.99
12399,ipv6,2001:7f8:1::a501:2399:1
29587,ipv4,80.249.210.121
31328,ipv4,80.249.210.237
31328,ipv4,80.249.210.238
47836,ipv4,80.249.211.31
47836,ipv6,2001:7f8:1::a504:7836:1
6735,ipv4,80.249.209.80
8839,ipv4,80.249.210.241
8839,ipv6,2001:7f8:1::a500:8839:1
37100,ipv4,80.249.210.223
37100,ipv6,2001:7f8:1::a503:7100:1
61323,ipv4,80.249.213.47
61323,ipv6,2001:7f8:1::a506:1323:1
35574,ipv4,80.249.210.171
35574,ipv6,2001:7f8:1::a503:5574:1
12637,ipv4,80.249.210.172
12637,ipv6,2001:7f8:1::a501:2637:1
42158,ipv4,80.249.211.174
31042,ipv4,80.249.210.89
31042,ipv6,2001:7f8:1::a503:1042:1
50245,ipv4,80.249.211.153
50245,ipv6,2001:7f8:1::a505:245:1
50673,ipv4,80.249.210.70
50673,ipv6,2001:7f8:1::a505:673:1
50673,ipv4,80.249.211.95
50673,ipv6,2001:7f8:1::a505:673:2
34781,ipv4,80.249.210.72
34781,ipv6,2001:7f8:1::a503:4781:1
16839,ipv4,80.249.211.180
16839,ipv6,2001:7f8:1::a501:6839:1
16839,ipv4,80.249.212.46
16839,ipv6,2001:7f8:1::a501:6839:2
11816,ipv4,80.249.211.35
15557,ipv4,80.249.209.147
15557,ipv6,2001:7f8:1::a501:5557:1
24482,ipv4,80.249.210.153
24482,ipv6,2001:7f8:1::a502:4482:1
9029,ipv4,80.249.212.127
1140,ipv4,80.249.208.49
1140,ipv6,2001:7f8:1::a500:1140:1
48283,ipv4,80.249.210.151
48283,ipv6,2001:7f8:1::a504:8283:1
9583,ipv4,80.249.213.123
9583,ipv4,80.249.210.192
9583,ipv6,2001:7f8:1::a500:9583:1
9583,ipv4,223.31.200.9
59318,ipv4,103.247.139.45
59318,ipv6,2001:df0:296::a505:9318:2
59318,ipv4,80.249.212.209
59318,ipv6,2001:7f8:1::a505:9318:1
20932,ipv4,80.249.208.234
20932,ipv6,2001:7f8:1::a502:932:1
44735,ipv4,80.249.212.94
44735,ipv6,2001:7f8:1::a504:4735:1
9167,ipv4,80.249.210.141
9167,ipv6,2001:7f8:1::a500:9167:1
62088,ipv4,80.249.213.66
62088,ipv6,2001:7f8:1::a506:2088:1
8309,ipv4,80.249.211.152
8309,ipv6,2001:7f8:1::a500:8309:1
60501,ipv4,80.249.213.107
60501,ipv6,2001:7f8:1::a506:501:1
6908,ipv4,80.249.209.145
6908,ipv6,2001:7f8:1::a500:6908:1
9318,ipv4,80.249.211.90
9318,ipv6,2001:7f8:1::a500:9318:1
9318,ipv4,103.247.139.97
9318,ipv6,2001:df0:296::a500:9318:1
37187,ipv4,80.249.212.105
37187,ipv6,2001:7f8:1::a503:7187:1
12759,ipv4,80.249.209.59
12759,ipv6,2001:7f8:1::a501:2759:1
36351,ipv4,80.249.210.82
36351,ipv6,2001:7f8:1::a503:6351:1
12414,ipv4,80.249.208.165
12414,ipv6,2001:7f8:1::a501:2414:1
12414,ipv4,80.249.209.165
12414,ipv6,2001:7f8:1::a501:2414:2
13720,ipv4,80.249.211.26
27313,ipv4,80.249.209.50
8403,ipv4,80.249.212.62
1239,ipv4,80.249.209.214
1239,ipv6,2001:7f8:1::a500:1239:1
9329,ipv4,80.249.211.89
9329,ipv6,2001:7f8:1::a500:9329:1
4657,ipv4,80.249.212.55
4657,ipv6,2001:7f8:1::a500:4657:1
38861,ipv4,103.247.139.30
38861,ipv6,2001:df0:296::a503:8861:1
3267,ipv4,80.249.209.75
3267,ipv6,2001:7f8:1::a500:3267:1
16211,ipv4,80.249.211.36
16211,ipv6,2001:7f8:1::a501:6211:1
56550,ipv4,80.249.211.113
56550,ipv6,2001:7f8:1::a505:6550:1
200020,ipv4,80.249.211.82
200020,ipv6,2001:7f8:1:0:a500:20:20:1
43293,ipv4,80.249.208.182
43293,ipv6,2001:7f8:1::a504:3293:1
205773,ipv4,80.249.213.101
205773,ipv6,2001:7f8:1:0:a500:20:5773:1
6724,ipv4,80.249.210.180
6724,ipv6,2001:7f8:1::a500:6724:1
28876,ipv4,80.249.211.156
28876,ipv6,2001:7f8:1::a502:8876:1
28876,ipv4,80.249.208.187
28876,ipv6,2001:7f8:1::a502:8876:2
6730,ipv4,80.249.208.116
6730,ipv6,2001:7f8:1::a500:6730:1
34984,ipv4,80.249.211.229
34984,ipv6,2001:7f8:1::a503:4984:1
1103,ipv4,80.249.208.34
1103,ipv6,2001:7f8:1::a500:1103:2
1103,ipv4,80.249.208.50
1103,ipv6,2001:7f8:1::a500:1103:1
1101,ipv4,80.249.210.65
1101,ipv6,2001:7f8:1::a500:1101:1
3303,ipv4,80.249.208.100
3303,ipv6,2001:7f8:1::a500:3303:1
559,ipv4,80.249.208.33
559,ipv6,2001:7f8:1::a500:559:1
132876,ipv4,80.249.212.143
132876,ipv6,2001:7f8:1:0:a500:13:2876:1
22870,ipv4,193.105.101.144
22870,ipv4,193.105.101.145
22870,ipv4,193.105.101.20
25291,ipv4,80.249.210.228
25291,ipv6,2001:7f8:1::a502:5291:1
200478,ipv4,80.249.212.230
56665,ipv4,80.249.210.155
56665,ipv6,2001:7f8:1::a505:6665:1
48526,ipv4,80.249.211.94
48526,ipv6,2001:7f8:1::a504:8526:1
8462,ipv4,80.249.212.141
8462,ipv6,2001:7f8:1::a500:8462:1
4755,ipv4,193.105.101.63
4755,ipv4,103.247.138.196
6453,ipv4,193.105.101.164
6453,ipv4,193.105.101.165
6453,ipv4,80.249.209.167
6453,ipv6,2001:7f8:1::a500:6453:1
41059,ipv4,80.249.212.63
41059,ipv6,2001:7f8:1::a504:1059:1
3292,ipv4,193.105.101.170
3292,ipv4,193.105.101.175
3292,ipv4,80.249.208.104
3292,ipv6,2001:7f8:1::a500:3292:1
61319,ipv4,80.249.210.236
61319,ipv6,2001:7f8:1::a506:1319:1
27745,ipv4,200.0.20.22
55329,ipv4,103.247.139.29
55329,ipv6,2001:df0:296::a505:5329:1
13127,ipv4,80.249.208.211
13127,ipv6,2001:7f8:1::a501:3127:2
13127,ipv4,80.249.208.47
13127,ipv6,2001:7f8:1::a501:3127:1
1257,ipv4,193.105.101.166
1257,ipv4,193.105.101.167
1257,ipv4,80.249.209.139
1257,ipv6,2001:7f8:1::a500:1257:1
8452,ipv4,80.249.211.21
6762,ipv4,193.105.101.39
6762,ipv4,80.249.211.42
6762,ipv6,2001:7f8:1::a500:6762:1
64518,ipv4,193.105.101.36
20634,ipv4,80.249.209.226
20634,ipv6,2001:7f8:1::a502:634:1
36060,ipv4,193.105.101.92
21263,ipv4,80.249.209.74
21263,ipv6,2001:7f8:1::a502:1263:1
12956,ipv4,193.105.101.13
12956,ipv4,193.105.101.155
12956,ipv4,193.105.101.156
12956,ipv4,80.249.208.208
12956,ipv6,2001:7f8:1::a501:2956:1
6805,ipv4,80.249.208.199
6805,ipv6,2001:7f8:1::a500:6805:1
6805,ipv4,80.249.208.91
6805,ipv6,2001:7f8:1::a500:6805:2
34106,ipv4,80.249.208.156
34106,ipv6,2001:7f8:1::a503:4106:2
34106,ipv4,80.249.209.156
34106,ipv6,2001:7f8:1::a503:4106:1
62041,ipv4,80.249.209.69
50316,ipv4,80.249.211.251
50316,ipv6,2001:7f8:1::a505:316:1
8447,ipv4,80.249.209.207
8447,ipv6,2001:7f8:1::a500:8447:1
28834,ipv4,193.105.101.148
28834,ipv4,193.105.101.149
28834,ipv4,193.105.101.26
28834,ipv4,193.105.101.27
4788,ipv4,80.249.209.91
4788,ipv6,2001:7f8:1::a500:4788:1
8400,ipv4,80.249.210.95
8400,ipv6,2001:7f8:1::a500:8400:1
15958,ipv4,80.249.210.14
15958,ipv6,2001:7f8:1::a501:5958:1
15932,ipv4,193.105.101.129
15932,ipv4,193.105.101.130
2119,ipv4,80.249.209.192
2119,ipv6,2001:7f8:1::a500:2119:1
8837,ipv4,193.105.101.146
8837,ipv4,193.105.101.147
5713,ipv4,80.249.210.18
5713,ipv6,2001:7f8:1::a500:5713:1
4637,ipv4,80.249.212.201
4637,ipv4,80.249.212.88
4637,ipv6,2001:7f8:1::a500:4637:1
4637,ipv4,193.105.101.151
4637,ipv4,193.105.101.54
36944,ipv4,80.249.210.204
36944,ipv6,2001:7f8:1::a503:6944:1
8764,ipv4,80.249.209.168
8764,ipv6,2001:7f8:1::a500:8764:1
39244,ipv4,80.249.208.28
23148,ipv4,80.249.209.48
23148,ipv6,2001:7f8:1::a502:3148:1
48173,ipv4,80.249.209.39
48173,ipv6,2001:7f8:1::a504:8173:1
196752,ipv4,80.249.211.247
196752,ipv6,2001:7f8:1:0:a500:19:6752:1
1547,ipv4,80.249.208.97
1547,ipv6,2001:7f8:1::a500:1547:1
20640,ipv4,80.249.208.221
20640,ipv6,2001:7f8:1::a502:640:1
42184,ipv4,80.249.209.210
42184,ipv6,2001:7f8:1::a504:2184:1
42184,ipv4,80.249.213.113
42184,ipv6,2001:7f8:1::a504:2184:2
60764,ipv4,80.249.212.239
60764,ipv6,2001:7f8:1::a506:764:1
31615,ipv4,80.249.209.252
64650,ipv4,195.60.82.137
50266,ipv4,80.249.211.171
50266,ipv6,2001:7f8:1::a505:266:1
50266,ipv4,80.249.211.184
50266,ipv6,2001:7f8:1::a505:266:2
12329,ipv4,80.249.210.117
12329,ipv6,2001:7f8:1::a501:2329:1
13101,ipv4,80.249.209.119
13101,ipv6,2001:7f8:1::a501:3101:1
38040,ipv4,80.249.213.118
38040,ipv6,2001:7f8:1::a503:8040:1
47009,ipv4,193.105.101.10
47009,ipv4,193.105.101.162
29479,ipv4,80.249.213.116
29479,ipv6,2001:7f8:1::a502:9479:1
20485,ipv4,80.249.210.177
20485,ipv6,2001:7f8:1::a502:485:1
203164,ipv4,80.249.212.226
203164,ipv6,2001:7f8:1:0:a500:20:3164:1
28917,ipv4,80.249.209.140
28917,ipv6,2001:7f8:1::a502:8917:1
46235,ipv4,80.249.208.46
50295,ipv4,80.249.209.101
50295,ipv6,2001:7f8:1::a505:295:1
15703,ipv4,80.249.208.171
15703,ipv6,2001:7f8:1::a501:5703:1
38082,ipv4,80.249.210.254
38082,ipv6,2001:7f8:1::a503:8082:1
49375,ipv4,80.249.211.202
49375,ipv6,2001:7f8:1::a504:9375:1
262933,ipv4,200.0.20.8
262933,ipv6,2001:13c7:6004:0:a500:26:2933:1
8365,ipv4,80.249.209.217
8365,ipv6,2001:7f8:1::a500:8365:1
9121,ipv4,80.249.208.241
9121,ipv6,2001:7f8:1::a500:9121:1
9121,ipv4,80.249.209.241
9121,ipv6,2001:7f8:1::a500:9121:2
6663,ipv4,80.249.208.121
6663,ipv6,2001:7f8:1::a500:6663:1
56396,ipv4,80.249.211.135
13414,ipv4,103.247.139.53
13414,ipv6,2001:df0:296::a501:3414:1
13414,ipv4,206.126.240.12
13414,ipv6,2001:504:34:1:0:a501:3414:1
3255,ipv4,80.249.213.38
3255,ipv6,2001:7f8:1::a500:3255:2
8932,ipv4,80.249.210.165
8932,ipv6,2001:7f8:1::a500:8932:1
42794,ipv4,80.249.212.113
29396,ipv4,80.249.208.154
29396,ipv6,2001:7f8:1::a502:9396:2
29396,ipv4,80.249.209.166
29396,ipv6,2001:7f8:1::a502:9396:1
5394,ipv4,80.249.210.29
5394,ipv6,2001:7f8:1::a500:5394:1
28788,ipv4,80.249.208.237
28788,ipv6,2001:7f8:1::a502:8788:1
48293,ipv4,80.249.212.232
48293,ipv6,2001:7f8:1::a504:8293:2
31673,ipv4,80.249.210.81
44608,ipv4,80.249.210.92
11081,ipv4,200.0.20.20
39923,ipv4,80.249.210.8
39923,ipv6,2001:7f8:1::a503:9923:1
47065,ipv4,80.249.208.45
47065,ipv6,2001:7f8:1::a504:7065:1
32590,ipv4,80.249.211.23
32590,ipv6,2001:7f8:1::a503:2590:1
1126,ipv4,80.249.208.252
1126,ipv6,2001:7f8:1::a500:1126:1
29314,ipv4,80.249.213.90
29314,ipv6,2001:7f8:1::a502:9314:3
7342,ipv4,80.249.209.232
7342,ipv6,2001:7f8:1::a500:7342:1
26415,ipv4,200.0.20.21
702,ipv4,80.249.208.77
702,ipv6,2001:7f8:1::a500:702:2
702,ipv4,80.249.208.98
15133,ipv4,103.247.139.52
15133,ipv6,2001:df0:296::a501:5133:1
15133,ipv4,80.249.208.151
15133,ipv6,2001:7f8:1::a501:5133:2
15133,ipv4,80.249.209.162
15133,ipv6,2001:7f8:1::a501:5133:1
15133,ipv4,206.126.240.39
15133,ipv6,2001:504:34:1:0:a501:5133:1
8881,ipv4,80.249.209.109
8881,ipv6,2001:7f8:1::a500:8881:1
31122,ipv4,80.249.209.161
31122,ipv6,2001:7f8:1::a503:1122:1
47254,ipv4,80.249.213.59
47254,ipv4,80.249.213.60
18106,ipv4,80.249.212.146
18106,ipv6,2001:7f8:1::a501:8106:1
13213,ipv4,80.249.212.69
16243,ipv4,80.249.208.245
16243,ipv6,2001:7f8:1::a501:6243:2
16243,ipv4,80.249.209.222
16243,ipv6,2001:7f8:1::a501:6243:1
47541,ipv4,80.249.211.114
47541,ipv6,2001:7f8:1::a504:7541:4
47541,ipv4,80.249.211.206
47541,ipv6,2001:7f8:1::a504:7541:2
47541,ipv4,80.249.212.86
47541,ipv6,2001:7f8:1::a504:7541:5
29405,ipv4,80.249.212.66
29405,ipv6,2001:7f8:1::a502:9405:1
45899,ipv4,80.249.213.128
45899,ipv6,2001:7f8:1::a504:5899:1
4826,ipv4,103.247.139.27
4826,ipv6,2001:df0:296::a500:4826:1
4826,ipv4,206.41.106.22
4826,ipv6,2001:504:3d:1:0:a500:4826:1
15480,ipv4,195.60.82.133
15480,ipv4,195.60.82.134
15480,ipv4,80.249.210.94
15480,ipv6,2001:7f8:1::a501:5480:1
15480,ipv4,80.249.211.55
15480,ipv6,2001:7f8:1::a501:5480:2
1273,ipv4,80.249.209.144
1273,ipv6,2001:7f8:1::a500:1273:1
4445,ipv4,193.105.101.79
4445,ipv4,193.105.101.80
3209,ipv4,80.249.208.123
3209,ipv6,2001:7f8:1::a500:3209:2
3209,ipv4,80.249.209.123
3209,ipv6,2001:7f8:1::a500:3209:1
33915,ipv4,80.249.209.143
33915,ipv6,2001:7f8:1::a503:3915:2
33915,ipv4,80.249.209.191
33915,ipv6,2001:7f8:1::a503:3915:1
201791,ipv4,80.249.212.13
201791,ipv6,2001:7f8:1:0:a500:20:1791:1
43437,ipv4,80.249.208.206
199547,ipv4,80.249.212.25
199547,ipv6,2001:7f8:1:0:a500:19:9547:1
25160,ipv4,80.249.210.85
25160,ipv6,2001:7f8:1::a502:5160:1
3223,ipv4,80.249.210.43
3223,ipv6,2001:7f8:1::a500:3223:1
12350,ipv4,80.249.209.24
12350,ipv6,2001:7f8:1::a501:2350:1
51752,ipv4,80.249.210.105
51752,ipv6,2001:7f8:1::a505:1752:1
15399,ipv4,80.249.212.79
30889,ipv4,80.249.208.202
30889,ipv6,2001:7f8:1::a503:889:1
47329,ipv4,80.249.210.118
20495,ipv4,80.249.208.107
20495,ipv6,2001:7f8:1::a502:495:1
199139,ipv4,80.249.212.51
199139,ipv6,2001:7f8:1:0:a500:19:9139:1
37662,ipv4,80.249.212.133
37662,ipv6,2001:7f8:1::a503:7662:1
14907,ipv4,80.249.209.176
14907,ipv6,2001:7f8:1::a501:4907:1
15943,ipv4,80.249.211.221
15943,ipv6,2001:7f8:1::a501:5943:1
1267,ipv4,80.249.209.236
1267,ipv6,2001:7f8:1::a500:1267:2
1267,ipv4,80.249.210.243
1267,ipv6,2001:7f8:1::a500:1267:1
50352,ipv4,80.249.212.149
50352,ipv6,2001:7f8:1::a505:352:1
37564,ipv4,80.249.213.112
37564,ipv6,2001:7f8:1::a503:7564:1
60822,ipv4,80.249.211.18
37271,ipv4,80.249.213.52
37271,ipv6,2001:7f8:1::a503:7271:1
59560,ipv4,80.249.210.225
49981,ipv4,80.249.210.37
49981,ipv6,2001:7f8:1::a504:9981:1
49981,ipv4,80.249.212.243
49981,ipv6,2001:7f8:1::a504:9981:2
203923,ipv4,80.249.209.171
203923,ipv6,2001:7f8:1:0:a500:20:3923:1
9381,ipv4,80.249.212.197
9381,ipv6,2001:7f8:1::a500:9381:1
260,ipv4,80.249.211.15
260,ipv6,2001:7f8:1::a500:260:1
15426,ipv4,80.249.208.173
50343,ipv4,80.249.213.29
50343,ipv6,2001:7f8:1::a505:343:1
34455,ipv4,80.249.213.129
2828,ipv4,80.249.209.200
2828,ipv6,2001:7f8:1::a500:2828:1
53563,ipv4,80.249.211.52
3265,ipv4,80.249.208.166
3265,ipv6,2001:7f8:1::a500:3265:2
3265,ipv4,80.249.208.48
3265,ipv6,2001:7f8:1::a500:3265:1
15704,ipv4,80.249.212.81
10310,ipv4,80.249.209.110
10310,ipv6,2001:7f8:1::a501:310:1
10310,ipv4,80.249.209.163
10310,ipv6,2001:7f8:1::a501:310:2
10310,ipv4,206.41.106.57
10310,ipv6,2001:504:3d:1:0:a501:310:1
10310,ipv4,206.108.115.37
10310,ipv6,2001:504:38:1:0:a501:310:1
10310,ipv4,206.126.240.36
10310,ipv6,2001:504:34:1:0:a501:310:1
13238,ipv4,80.249.211.200
13238,ipv6,2001:7f8:1::a501:3238:1
58073,ipv4,80.249.211.146
58073,ipv6,2001:7f8:1::a505:8073:2
7363,ipv4,80.249.213.91
7363,ipv6,2001:7f8:1::a500:7363:1
7363,ipv4,206.108.115.42
7363,ipv6,2001:504:38:1:0:a500:7363:1
7363,ipv4,206.126.240.49
7363,ipv6,2001:504:34:1:0:a500:7363:1
7363,ipv4,206.41.106.71
7363,ipv6,2001:504:3d:1:0:a500:7363:1
59605,ipv4,80.249.210.78
59605,ipv6,2001:7f8:1::a505:9605:2
6412,ipv4,80.249.210.129
6412,ipv6,2001:7f8:1::a500:6412:2
6412,ipv4,80.249.211.254
6412,ipv6,2001:7f8:1::a500:6412:1
6461,ipv4,80.249.208.122
6461,ipv6,2001:7f8:1::a500:6461:1
6461,ipv4,206.41.106.23
15542,ipv4,80.249.209.125
15542,ipv6,2001:7f8:1::a501:5542:1
15542,ipv4,80.249.209.43
15542,ipv6,2001:7f8:1::a501:5542:2
26120,ipv4,80.249.211.132
200794,ipv4,80.249.212.229
62044,ipv4,80.249.212.162
62044,ipv4,80.249.212.163
7575,ipv4,206.41.106.55
7575,ipv6,2001:504:3d:1:0:a500:7575:1
30517,ipv4,206.108.115.20
30517,ipv6,2001:504:38:1:0:a503:517:1
55651,ipv4,206.41.106.53
55651,ipv6,2001:504:3d:1:0:a505:5651:1
6994,ipv4,206.41.106.28
135069,ipv4,206.41.106.69
135069,ipv6,2001:504:3d:1:a500:13:5069:1
47523,ipv4,206.126.240.52
47523,ipv6,2001:504:34:1:0:a504:7523:1
36080,ipv4,206.41.106.44
16524,ipv4,206.41.106.66
16524,ipv6,2001:504:3d:1:0:a501:6524:1
32329,ipv4,206.41.106.59
32329,ipv6,2001:504:3d:1:0:a503:2329:1
23467,ipv4,206.108.115.27
23467,ipv6,2001:504:38:1:0:a502:3467:1
23467,ipv4,206.108.115.28
23467,ipv6,2001:504:38:1:0:a502:3467:2
23473,ipv4,206.108.115.15
23473,ipv6,2001:504:38:1:0:a502:3473:1
23473,ipv4,206.126.240.28
23473,ipv6,2001:504:34:1:0:a502:3473:1
21808,ipv4,206.108.115.38
12200,ipv4,206.108.115.30
54042,ipv4,206.41.106.32
54042,ipv6,2001:504:3d:1:0:a505:4042:1
14340,ipv4,206.41.106.70
14340,ipv6,2001:504:3d:1:0:a501:4340:1
394738,ipv4,206.41.106.73
394738,ipv6,2001:504:3d:1:a500:39:4738:1
7065,ipv4,206.41.106.25
32748,ipv4,206.108.115.35
32748,ipv6,2001:504:38:1:0:a503:2748:1
32748,ipv4,206.126.240.17
32748,ipv6,2001:504:34:1:0:a503:2748:1
26914,ipv4,206.41.106.67
46886,ipv4,206.41.106.34
16570,ipv4,206.108.115.46
36086,ipv4,206.41.106.39
36086,ipv6,2001:504:3d:1:0:a503:6086:1
36086,ipv4,206.108.115.23
36086,ipv6,2001:504:38:1:0:a503:6086:1
36086,ipv4,206.126.240.32
36086,ipv6,2001:504:34:1:0:a503:6086:1
19754,ipv4,206.108.115.33
19754,ipv6,2001:504:38:1:0:a501:9754:1
395383,ipv4,206.108.115.41
32354,ipv4,206.41.106.12
32354,ipv6,2001:504:3d:1:0:a503:2354:1
27257,ipv4,206.126.240.33
19165,ipv4,206.41.106.18
19165,ipv6,2001:504:3d:1:0:a501:9165:1
35788,ipv4,206.108.115.22
35788,ipv6,2001:504:38:1:0:a503:5788:1
12083,ipv4,206.108.115.44
2381,ipv4,206.108.115.18
2381,ipv6,2001:504:38:1:0:a500:2381:1
27630,ipv4,206.126.240.50
27630,ipv6,2001:504:34:1:0:a502:7630:1
19255,ipv4,206.108.115.26
19255,ipv6,2001:504:38:1:0:a501:9255:1
